{
  "model": "tfidf_logreg",
  "accuracy": 0.8930119995966522,
  "macro_f1": 0.8929710410880652
}