{
  "model": "distilbert",
  "accuracy": 0.9366743974992437,
  "f1": 0.9374377366009166
}